시도,시군구,code,면적_km2,lat,lng,IC수,IC밀도_per1000km2,최근접무역항,항만거리_km
서울,종로구,11010,24.01,37.59492,126.97731,0,0.0,서울항,8.2
서울,중구,11020,10.04,37.56009,126.99587,0,0.0,서울항,6.5
서울,용산구,11030,21.8,37.5313,126.97987,0,0.0,서울항,4.2
서울,성동구,11040,16.81,37.55101,127.04102,0,0.0,서울항,9.9
서울,광진구,11050,17.03,37.54671,127.08573,0,0.0,서울항,13.7
서울,동대문구,11060,14.29,37.58207,127.0549,0,0.0,서울항,12.3
서울,중랑구,11070,18.5,37.59776,127.09289,0,0.0,서울항,16.0
서울,성북구,11080,24.55,37.60572,127.01737,0,0.0,서울항,11.3
서울,강북구,11090,23.61,37.6434,127.01123,0,0.0,서울항,14.4
서울,도봉구,11100,20.69,37.66912,127.0324,0,0.0,서울항,17.8
서울,노원구,11110,35.59,37.65244,127.07504,0,0.0,서울항,18.5
서울,은평구,11120,29.66,37.61918,126.92703,0,0.0,서울항,9.9
서울,서대문구,11130,17.68,37.57782,126.93905,0,0.0,서울항,5.3
서울,마포구,11140,23.88,37.55932,126.90829,0,0.0,서울항,3.9
서울,양천구,11150,17.28,37.52479,126.85551,0,0.0,서울항,6.8
서울,강서구,11160,41.56,37.56125,126.8227,0,0.0,서울항,10.2
서울,구로구,11170,20.06,37.49445,126.8565,0,0.0,서울항,7.8
서울,금천구,11180,13.03,37.46055,126.90085,1,76.746,서울항,8.2
서울,영등포구,11190,24.55,37.52234,126.91012,0,0.0,서울항,2.1
서울,동작구,11200,16.39,37.49887,126.95177,0,0.0,서울항,3.9
서울,관악구,11210,29.67,37.4673,126.94538,0,0.0,서울항,7.1
서울,서초구,11220,46.91,37.47327,127.03133,1,21.317,서울항,10.8
서울,강남구,11230,39.41,37.4967,127.06293,0,0.0,서울항,12.1
서울,송파구,11240,33.83,37.5056,127.11526,2,59.119,서울항,16.4
서울,강동구,11250,24.55,37.55044,127.14698,5,203.666,서울항,19.1
부산,중구,21010,3.02,35.10539,129.03214,0,0.0,진해항,32.9
부산,서구,21020,14.13,35.10273,129.01498,0,0.0,진해항,31.4
부산,동구,21030,10.07,35.12831,129.0448,0,0.0,진해항,34.0
부산,영도구,21040,14.71,35.07875,129.06481,0,0.0,진해항,36.2
부산,부산진구,21050,29.83,35.16528,129.04309,0,0.0,진해항,34.1
부산,동래구,21060,16.71,35.20616,129.07911,0,0.0,진해항,38.1
부산,남구,21070,27.2,35.12523,129.09444,0,0.0,진해항,38.5
부산,북구,21080,39.65,35.22931,129.02341,0,0.0,진해항,33.9
부산,해운대구,21090,52.19,35.19369,129.1536,1,19.161,울산항,39.5
부산,사하구,21100,47.29,35.08615,128.9704,0,0.0,진해항,27.6
부산,금정구,21110,65.72,35.2589,129.09146,4,60.864,울산항,38.1
부산,강서구,21120,185.3,35.13683,128.8914,4,21.587,진해항,20.0
부산,연제구,21130,12.15,35.18236,129.083,0,0.0,진해항,37.9
부산,수영구,21140,10.31,35.16119,129.11136,0,0.0,진해항,40.2
부산,사상구,21150,36.18,35.15805,128.98659,0,0.0,진해항,28.9
부산,기장군,21310,219.28,35.29787,129.20101,4,18.242,울산항,27.8
대구,중구,22010,7.07,35.86648,128.59353,0,0.0,포항항,79.2
대구,동구,22020,181.57,35.93449,128.68566,3,16.523,포항항,68.9
대구,서구,22030,17.4,35.87509,128.54967,1,57.471,마산항,81.5
대구,남구,22040,17.8,35.83508,128.58533,0,0.0,마산항,76.9
대구,북구,22050,93.85,35.92886,128.57741,4,42.621,포항항,78.4
대구,수성구,22060,76.67,35.83383,128.6612,0,0.0,포항항,75.1
대구,달서구,22070,62.57,35.82768,128.52892,2,31.964,마산항,76.3
대구,달성군,22310,423.0,35.75966,128.49832,7,16.548,마산항,69.1
인천,중구,23010,144.44,37.46858,126.48216,1,6.923,인천항,13.5
인천,동구,23020,7.27,37.48332,126.63908,0,0.0,인천항,7.9
인천,남구,23030,24.97,37.45254,126.66459,2,80.096,인천항,12.0
인천,연수구,23040,56.97,37.39402,126.64819,0,0.0,인천항,17.6
인천,남동구,23050,57.61,37.43089,126.7265,3,52.074,인천항,17.1
인천,부평구,23060,32.08,37.49659,126.7211,0,0.0,경인항,11.9
인천,계양구,23070,45.42,37.55728,126.73464,2,44.033,경인항,10.4
인천,서구,23080,132.72,37.55956,126.65171,2,15.069,경인항,3.1
인천,강화군,23310,412.91,37.71253,126.40227,0,0.0,경인항,25.0
인천,옹진군,23320,184.09,37.52268,125.66688,0,0.0,인천항,82.3
광주,동구,24010,48.7,35.11739,126.94951,0,0.0,목포항,62.7
광주,서구,24020,47.64,35.13557,126.85053,0,0.0,목포항,56.5
광주,남구,24030,60.58,35.09411,126.85693,0,0.0,목포항,54.2
광주,북구,24040,119.41,35.19327,126.92538,6,50.247,목포항,65.8
광주,광산구,24050,221.93,35.16506,126.75292,5,22.53,목포항,52.3
대전,동구,25010,137.16,36.32404,127.47511,2,14.582,군산항,76.9
대전,중구,25020,62.19,36.2808,127.41114,1,16.08,군산항,69.5
대전,서구,25030,95.45,36.28038,127.34522,3,31.43,군산항,64.4
대전,유성구,25040,175.84,36.37675,127.33327,2,11.374,군산항,69.6
대전,대덕구,25050,69.14,36.41234,127.44015,2,28.927,군산항,79.6
울산,중구,26010,36.93,35.5711,129.30823,0,0.0,울산항,14.2
울산,남구,26020,73.36,35.51546,129.32929,1,13.631,울산항,8.8
울산,동구,26030,36.45,35.52544,129.42619,0,0.0,울산항,5.4
울산,북구,26040,158.05,35.61012,129.37991,0,0.0,울산항,15.0
울산,울주군,26310,757.31,35.54617,129.18752,10,13.205,울산항,21.9
세종,세종시,29010,464.99,36.5606,127.25876,2,4.301,평택당진항,69.7
경기,수원시장안구,31011,33.29,37.31396,127.00342,2,60.078,서울항,24.9
경기,수원시권선구,31012,47.0,37.26054,126.97966,0,0.0,서울항,30.3
경기,수원시팔달구,31013,12.84,37.27754,127.01641,0,0.0,서울항,29.1
경기,수원시영통구,31014,27.56,37.27495,127.05667,2,72.569,서울항,30.4
경기,성남시수정구,31021,45.21,37.43528,127.10419,1,22.119,서울항,18.5
경기,성남시중원구,31022,26.46,37.43346,127.16398,1,37.793,서울항,23.1
경기,성남시분당구,31023,69.9,37.37939,127.10602,1,14.306,서울항,22.7
경기,의정부시,31030,81.87,37.73623,127.06844,0,0.0,서울항,25.9
경기,안양시만안구,31041,36.5,37.40407,126.91133,2,54.795,서울항,14.1
경기,안양시동안구,31042,21.96,37.40032,126.95541,1,45.537,서울항,14.6
경기,부천시,31050,53.76,37.50423,126.78875,3,55.804,서울항,13.0
경기,광명시,31060,38.48,37.44515,126.86472,1,25.988,서울항,11.2
경기,평택시,31070,458.41,37.01544,126.99346,5,10.907,평택당진항,22.0
경기,동두천시,31080,95.94,37.91654,127.07793,0,0.0,서울항,44.8
경기,안산시상록구,31091,58.42,37.31574,126.8706,2,34.235,서울항,24.5
경기,안산시단원구,31092,113.67,37.27794,126.68325,2,17.595,평택당진항,27.6
경기,고양시덕양구,31101,165.04,37.65575,126.8786,2,12.118,서울항,14.7
경기,고양시일산동구,31103,59.9,37.67978,126.79729,0,0.0,경인항,20.4
경기,고양시일산서구,31104,41.27,37.68031,126.72782,0,0.0,경인항,16.1
경기,과천시,31110,35.75,37.4339,127.00272,0,0.0,서울항,12.4
경기,구리시,31120,33.21,37.59922,127.13122,7,210.78,서울항,19.2
경기,남양주시,31130,459.46,37.66254,127.24363,6,13.059,서울항,31.1
경기,오산시,31140,42.6,37.16328,127.05119,2,46.948,평택당진항,30.5
경기,시흥시,31150,141.52,37.38612,126.78364,3,21.198,서울항,20.7
경기,군포시,31160,36.32,37.34347,126.92118,5,137.665,서울항,20.8
경기,의왕시,31170,53.92,37.36231,126.98953,2,37.092,서울항,19.4
경기,하남시,31180,92.83,37.5228,127.20592,6,64.634,서울항,24.2
경기,용인시처인구,31191,467.27,37.20335,127.25288,6,12.841,서울항,46.1
경기,용인시기흥구,31192,81.95,37.26746,127.12134,3,36.608,서울항,33.7
경기,용인시수지구,31193,42.21,37.33347,127.0715,0,0.0,서울항,25.1
경기,파주시,31200,688.75,37.85554,126.80958,1,1.452,경인항,36.5
경기,이천시,31210,461.72,37.20985,127.4809,5,10.829,서울항,60.2
경기,안성시,31220,553.31,37.03502,127.30282,7,12.651,평택당진항,49.3
경기,김포시,31230,278.39,37.68164,126.62628,1,3.592,경인항,13.0
경기,화성시,31240,713.26,37.16383,126.85926,8,11.216,평택당진항,17.4
경기,광주시,31250,429.67,37.40307,127.30116,5,11.637,서울항,35.5
경기,양주시,31260,310.41,37.80865,127.00116,2,6.443,서울항,31.5
경기,포천시,31270,825.12,37.96992,127.25045,0,0.0,서울항,56.3
경기,여주시,31280,607.22,37.30248,127.61566,4,6.587,서울항,65.5
경기,연천군,31350,696.06,38.09709,127.02394,0,0.0,서울항,63.5
경기,가평군,31370,840.5,37.81856,127.45018,1,1.19,서울항,55.7
경기,양평군,31380,876.43,37.51802,127.5792,4,4.564,서울항,57.1
강원,춘천시,32010,1114.75,37.88987,127.73997,4,3.588,서울항,81.5
강원,원주시,32020,866.52,37.30829,127.92952,6,6.924,서울항,91.5
강원,강릉시,32030,1039.36,37.70924,128.83243,4,3.849,옥계항,24.0
강원,동해시,32040,181.0,37.50689,129.05583,2,11.05,동해묵호항,7.7
강원,태백시,32050,303.24,37.17235,128.98011,0,0.0,호산항,32.8
강원,속초시,32060,105.58,38.17607,128.51963,2,18.943,속초항,8.2
강원,삼척시,32070,1187.29,37.27753,129.12203,2,1.685,삼척항,18.4
강원,홍천군,32310,1816.46,37.74487,128.07446,6,3.303,속초항,69.5
강원,횡성군,32320,997.51,37.50901,128.07713,6,6.015,옥계항,90.3
강원,영월군,32330,1126.54,37.20397,128.50014,0,0.0,삼척항,66.2
강원,평창군,32340,1463.14,37.55701,128.48276,8,5.468,옥계항,54.2
강원,정선군,32350,1218.25,37.3788,128.73903,0,0.0,동해묵호항,38.9
강원,철원군,32360,889.73,38.24378,127.41352,0,0.0,서울항,89.9
강원,화천군,32370,907.0,38.13843,127.68518,0,0.0,속초항,80.4
강원,양구군,32380,660.96,38.17812,128.00123,0,0.0,속초항,52.5
강원,인제군,32390,1639.86,38.06898,128.26332,1,0.61,속초항,33.6
강원,고성군,32400,660.36,38.37741,128.3998,0,0.0,속초항,25.3
강원,양양군,32410,630.27,38.00462,128.5953,6,9.52,속초항,23.2
충북,충주시,33020,981.39,37.01522,127.89555,5,5.095,평택당진항,102.0
충북,제천시,33030,882.0,37.06004,128.14086,2,2.268,삼척항,101.8
충북,청주시상당구,33041,403.02,36.59217,127.58498,1,2.481,평택당진항,89.3
충북,청주시서원구,33042,123.03,36.54761,127.43857,1,8.128,평택당진항,82.0
충북,청주시흥덕구,33043,198.7,36.64697,127.36921,3,15.098,평택당진항,70.2
충북,청주시청원구,33044,214.85,36.72057,127.49133,2,9.309,평택당진항,74.8
충북,보은군,33320,583.93,36.48996,127.72935,4,6.85,군산항,105.8
충북,옥천군,33330,541.47,36.32044,127.6566,2,3.694,군산항,91.3
충북,영동군,33340,852.51,36.15968,127.81428,2,2.346,군산항,99.5
충북,진천군,33350,408.03,36.87101,127.44044,2,4.902,평택당진항,64.2
충북,괴산군,33360,841.77,36.7697,127.82956,2,2.376,평택당진항,100.6
충북,음성군,33370,519.22,36.97625,127.6142,4,7.704,평택당진항,77.2
충북,단양군,33380,779.96,36.99451,128.38788,2,2.564,삼척항,86.2
충북,증평군,33390,81.66,36.78656,127.60461,0,0.0,평택당진항,81.1
충남,천안시동남구,34011,438.74,36.76409,127.22099,3,6.838,평택당진항,51.8
충남,천안시서북구,34012,197.95,36.89269,127.16172,1,5.052,평택당진항,40.1
충남,공주시,34020,864.1,36.4799,127.07505,4,4.629,보령항,52.7
충남,보령시,34030,583.8,36.33983,126.59052,3,5.139,보령항,15.7
충남,아산시,34040,543.17,36.80737,126.98005,2,3.682,평택당진항,32.7
충남,서산시,34050,742.51,36.78473,126.4632,2,2.694,대산항,24.7
충남,논산시,34060,553.96,36.19094,127.15776,2,3.61,군산항,44.8
충남,계룡시,34070,60.68,36.29168,127.23446,0,0.0,군산항,56.8
충남,당진시,34080,708.85,36.9045,126.65213,4,5.643,평택당진항,16.8
충남,금산군,34310,576.57,36.11902,127.47835,2,3.469,군산항,69.0
충남,부여군,34330,623.99,36.24638,126.85695,2,3.205,군산항,31.2
충남,서천군,34340,367.29,36.10679,126.70373,3,8.168,장항항,13.2
충남,청양군,34350,479.55,36.43056,126.85303,1,2.085,보령항,32.9
충남,홍성군,34360,443.19,36.57006,126.62568,1,2.256,보령항,17.9
충남,예산군,34370,543.51,36.67061,126.78422,3,5.52,보령항,35.9
충남,태안군,34380,534.61,36.7074,126.27918,0,0.0,태안항,22.6
전북,전주시완산구,35011,94.12,35.79206,127.11955,0,0.0,군산항,41.3
전북,전주시덕진구,35012,111.31,35.85881,127.11263,3,26.952,군산항,37.3
전북,군산시,35020,411.33,35.94881,126.71858,2,4.862,군산항,4.2
전북,익산시,35030,507.51,36.02317,126.98949,2,3.941,군산항,23.8
전북,정읍시,35040,697.84,35.60266,126.90589,5,7.165,군산항,45.5
전북,남원시,35050,750.29,35.42251,127.44196,8,10.663,하동항,62.3
전북,김제시,35060,544.48,35.80686,126.89607,5,9.183,군산항,24.9
전북,완주군,35310,822.41,35.91877,127.21522,7,8.512,군산항,44.4
전북,진안군,35320,789.09,35.82888,127.43007,1,1.267,군산항,65.5
전북,무주군,35330,629.66,35.93936,127.71295,2,3.176,군산항,88.7
전북,장수군,35340,531.91,35.65757,127.54437,1,1.88,군산항,82.1
전북,임실군,35350,596.59,35.59824,127.23665,2,3.352,군산항,62.9
전북,순창군,35360,499.95,35.43362,127.09007,3,6.001,군산항,69.5
전북,고창군,35370,612.11,35.44906,126.61583,3,4.901,군산항,60.5
전북,부안군,35380,497.86,35.67761,126.64216,2,4.017,군산항,35.1
전남,목포시,36010,53.73,34.80281,126.39047,0,0.0,목포항,2.3
전남,여수시,36020,521.77,34.69454,127.65245,0,0.0,여수항,8.3
전남,순천시,36030,911.85,34.99453,127.3894,9,9.87,하동항,37.1
전남,나주시,36040,606.09,34.98861,126.72043,2,3.3,목포항,37.4
전남,광양시,36060,466.76,35.01947,127.65593,4,8.57,하동항,15.2
전남,담양군,36310,453.54,35.29154,126.99527,3,6.615,목포항,77.8
전남,곡성군,36320,548.39,35.2166,127.26355,3,5.471,하동항,57.0
전남,구례군,36330,439.65,35.23679,127.50312,1,2.275,하동항,42.1
전남,고흥군,36350,815.56,34.59815,127.315,1,1.226,여수항,40.9
전남,보성군,36360,665.94,34.81428,127.16257,4,6.007,여수항,52.9
전남,화순군,36370,788.26,35.0082,127.03353,0,0.0,목포항,64.2
전남,장흥군,36380,622.72,34.67528,126.922,2,3.212,목포항,52.8
전남,강진군,36390,501.43,34.62031,126.77219,1,1.994,목포항,42.6
전남,해남군,36400,1048.19,34.55857,126.51135,0,0.0,목포항,31.2
전남,영암군,36410,602.61,34.79697,126.62619,3,4.978,목포항,23.5
전남,무안군,36420,455.3,34.95374,126.42521,8,17.571,목포항,16.3
전남,함평군,36430,389.83,35.11268,126.53548,3,7.696,목포항,36.5
전남,영광군,36440,480.9,35.27902,126.45031,3,6.238,목포항,52.2
전남,장성군,36450,518.29,35.32961,126.76861,4,7.718,목포항,67.8
전남,완도군,36460,408.07,34.29451,126.77847,0,0.0,목포항,68.8
전남,진도군,36470,453.57,34.43656,126.21102,0,0.0,목포항,44.4
전남,신안군,36480,680.87,34.80975,126.0423,0,0.0,목포항,29.9
경북,포항시남구,37011,395.95,35.95846,129.43777,2,5.051,포항항,18.2
경북,포항시북구,37012,735.89,36.16504,129.23428,2,2.718,포항항,17.1
경북,경주시,37020,1319.34,35.82664,129.23602,4,3.032,포항항,36.5
경북,김천시,37030,1005.36,36.0605,128.07783,6,5.968,마산항,112.3
경북,안동시,37040,1527.0,36.5803,128.78,3,1.965,포항항,76.5
경북,구미시,37050,613.92,36.20734,128.35547,4,6.516,포항항,95.7
경북,영주시,37060,672.99,36.87054,128.59765,2,2.972,호산항,76.6
경북,영천시,37070,915.49,36.01583,128.94264,5,5.462,포항항,44.2
경북,상주시,37080,1251.47,36.42957,128.067,6,4.794,포항항,125.7
경북,문경시,37090,914.64,36.69078,128.1487,1,1.093,호산항,121.3
경북,경산시,37100,411.09,35.83411,128.80907,1,2.433,포항항,63.3
경북,군위군,37310,613.26,36.17014,128.64807,1,1.631,포항항,69.2
경북,의성군,37320,1169.39,36.36201,128.61501,3,2.565,포항항,76.7
경북,청송군,37330,846.59,36.35705,129.05744,2,2.362,포항항,41.5
경북,영양군,37340,819.05,36.69642,129.14502,0,0.0,호산항,60.1
경북,영덕군,37350,744.77,36.48247,129.31764,1,1.343,포항항,41.2
경북,청도군,37360,692.98,35.6729,128.78651,0,0.0,울산항,60.8
경북,고령군,37370,386.6,35.73723,128.30677,3,7.76,마산항,71.1
경북,성주군,37380,612.94,35.90725,128.23335,2,3.263,마산항,91.1
경북,칠곡군,37390,450.01,36.01549,128.46255,5,11.111,포항항,86.5
경북,예천군,37400,664.38,36.65388,128.42244,1,1.505,호산항,103.0
경북,봉화군,37410,1201.3,36.93419,128.91299,0,0.0,호산항,49.4
경북,울진군,37420,992.98,36.90408,129.3124,0,0.0,호산항,34.3
경북,울릉군,37430,73.66,37.50192,130.86365,0,0.0,호산항,137.8
경남,진주시,38030,713.05,35.20516,128.12983,6,8.415,삼천포항,31.4
경남,통영시,38050,250.09,34.82489,128.37413,2,7.997,통영항,1.6
경남,사천시,38060,402.04,35.0494,128.03735,2,4.975,삼천포항,13.5
경남,김해시,38070,461.92,35.27217,128.84521,11,23.814,진해항,22.5
경남,밀양시,38080,801.33,35.49851,128.78968,1,1.248,진해항,42.6
경남,거제시,38090,407.64,34.87017,128.62347,0,0.0,고현항,5.6
경남,양산시,38100,486.46,35.40189,129.04104,5,10.278,울산항,34.9
경남,창원시의창구,38111,211.18,35.30909,128.64952,2,9.471,마산항,19.0
경남,창원시성산구,38112,82.21,35.19612,128.67194,0,0.0,진해항,7.6
경남,창원시마산합포구,38113,242.86,35.13538,128.48612,0,0.0,마산항,10.2
경남,창원시마산회원구,38114,91.05,35.23226,128.53656,3,32.949,마산항,11.3
경남,창원시진해구,38115,125.05,35.12904,128.73666,0,0.0,진해항,5.9
경남,의령군,38310,481.56,35.39244,128.27713,0,0.0,마산항,40.2
경남,함안군,38320,415.78,35.29098,128.43087,5,12.026,마산항,22.3
경남,창녕군,38330,530.07,35.50834,128.49294,4,7.546,마산항,41.7
경남,고성군,38340,520.36,35.01597,128.29059,3,5.765,통영항,23.2
경남,남해군,38350,362.08,34.81783,127.94168,0,0.0,광양항,15.5
경남,하동군,38360,678.19,35.13734,127.77921,2,2.949,하동항,21.9
경남,산청군,38370,791.77,35.36862,127.88436,3,3.789,하동항,48.4
경남,함양군,38380,720.93,35.55174,127.72207,4,5.548,하동항,68.3
경남,거창군,38390,799.46,35.73257,127.90412,4,5.003,하동항,88.7
경남,합천군,38400,983.94,35.57666,128.14158,2,2.033,마산항,63.5
제주,제주시,39010,981.77,33.44294,126.52929,0,0.0,제주항,8.2
제주,서귀포시,39020,881.14,33.32434,126.58113,0,0.0,서귀포항,9.8
