시도,시군구,면적_km2,IC수,IC밀도_per1000km2,최근접무역항,항만거리_km,산업용전력_2024_kWh,산업용전력_2023_kWh,평균급여_만원,lat,lng
강원,강릉시,1039.36,4.0,3.849,옥계항,24.0,822702380.0,866739572,3790.7,37.70924,128.83243
강원,고성군,660.36,0.0,0.0,속초항,25.3,60905433.0,61897417,3544.3,38.37741,128.3998
강원,동해시,181.0,2.0,11.05,동해묵호항,7.7,1284432400.0,1756634941,4069.3,37.50689,129.05583
강원,삼척시,1187.29,2.0,1.685,삼척항,18.4,1134647790.0,1134113851,3954.6,37.27753,129.12203
강원,속초시,105.58,2.0,18.943,속초항,8.2,75398810.0,74351843,3579.8,38.17607,128.51963
강원,양구군,660.96,0.0,0.0,속초항,52.5,19558636.0,19730194,3847.2,38.17812,128.00123
강원,양양군,630.27,6.0,9.52,속초항,23.2,47684174.0,47188990,3600.4,38.00462,128.5953
강원,영월군,1126.54,0.0,0.0,삼척항,66.2,783368483.0,812433580,3802.1,37.20397,128.50014
강원,원주시,866.52,6.0,6.924,서울항,91.5,819488590.0,839346135,3926.0,37.30829,127.92952
강원,인제군,1639.86,1.0,0.61,속초항,33.6,38066591.0,38120165,3987.8,38.06898,128.26332
강원,정선군,1218.25,0.0,0.0,동해묵호항,38.9,245321890.0,258023137,3768.2,37.3788,128.73903
강원,철원군,889.73,0.0,0.0,서울항,89.9,60961522.0,61356524,3791.6,38.24378,127.41352
강원,춘천시,1114.75,4.0,3.588,서울항,81.5,251550206.0,245731629,3915.1,37.88987,127.73997
강원,태백시,303.24,0.0,0.0,호산항,32.8,80073912.0,91931905,3904.9,37.17235,128.98011
강원,평창군,1463.14,8.0,5.468,옥계항,54.2,88816050.0,87748367,3657.0,37.55701,128.48276
강원,홍천군,1816.46,6.0,3.303,속초항,69.5,123001199.0,123608716,3570.9,37.74487,128.07446
강원,화천군,907.0,0.0,0.0,속초항,80.4,24163601.0,24799380,3843.8,38.13843,127.68518
강원,횡성군,997.51,6.0,6.015,옥계항,90.3,277596730.0,267675758,3508.7,37.50901,128.07713
경기,가평군,840.5,1.0,1.19,서울항,55.7,93279793.0,96590463,3549.3,37.81856,127.45018
경기,고양시,266.21,2.0,7.513,서울항,17.2,777150182.0,770608677,4509.6,37.66496,126.83693
경기,과천시,35.75,0.0,0.0,서울항,12.4,50369589.0,49190053,6832.9,37.4339,127.00272
경기,광명시,38.48,1.0,25.988,서울항,11.2,267429300.0,249049617,4657.7,37.44515,126.86472
경기,광주시,429.67,5.0,11.637,서울항,35.5,1098738741.0,1116072495,3839.5,37.40307,127.30116
경기,구리시,33.21,7.0,210.78,서울항,19.2,125070920.0,118217368,4175.0,37.59922,127.13122
경기,군포시,36.32,5.0,137.665,서울항,20.8,565134462.0,576870636,4378.8,37.34347,126.92118
경기,김포시,278.39,1.0,3.592,경인항,13.0,2150374130.0,2194317872,4218.0,37.68164,126.62628
경기,남양주시,459.46,6.0,13.059,서울항,31.1,948593777.0,951705597,3945.4,37.66254,127.24363
경기,동두천시,95.94,0.0,0.0,서울항,44.8,215677147.0,227731586,3136.2,37.91654,127.07793
경기,부천시,53.76,3.0,55.804,서울항,13.0,1618318513.0,1597327431,3885.9,37.50423,126.78875
경기,성남시,141.57,3.0,21.191,서울항,21.2,865191670.0,868158823,5878.7,37.40734,127.11627
경기,수원시,120.69,4.0,33.143,서울항,28.6,686502983.0,672294295,4925.0,37.28037,127.00771
경기,시흥시,141.52,3.0,21.198,서울항,20.7,2839474319.0,2826589602,3842.3,37.38612,126.78364
경기,안산시,172.09,4.0,23.244,평택당진항,28.5,5436440046.0,5573307754,3732.0,37.29077,126.74685
경기,안성시,553.31,7.0,12.651,평택당진항,49.3,2122848802.0,2087721854,3722.1,37.03502,127.30282
경기,안양시,58.46,3.0,51.317,서울항,14.2,429699293.0,454608243,4773.0,37.40266,126.92789
경기,양주시,310.41,2.0,6.443,서울항,31.5,1062134385.0,1092909828,3515.0,37.80865,127.00116
경기,양평군,876.43,4.0,4.564,서울항,57.1,126311499.0,121635402,4067.3,37.51802,127.5792
경기,여주시,607.22,4.0,6.587,서울항,65.5,542890439.0,536370095,3664.4,37.30248,127.61566
경기,연천군,696.06,0.0,0.0,서울항,63.5,214982991.0,209430905,3521.3,38.09709,127.02394
경기,오산시,42.6,2.0,46.948,평택당진항,30.5,572135829.0,557100474,4082.7,37.16328,127.05119
경기,용인시,591.43,9.0,15.217,서울항,42.8,5460630892.0,5593502786,5397.4,37.22152,127.22171
경기,의왕시,53.92,2.0,37.092,서울항,19.4,146915596.0,147590893,4821.2,37.36231,126.98953
경기,의정부시,81.87,0.0,0.0,서울항,25.9,225154254.0,243336812,3557.6,37.73623,127.06844
경기,이천시,461.72,5.0,10.829,서울항,60.2,4360848508.0,5090017914,4598.2,37.20985,127.4809
경기,파주시,688.75,1.0,1.452,경인항,36.5,6594778953.0,6652784133,3980.7,37.85554,126.80958
경기,평택시,458.41,5.0,10.907,평택당진항,22.0,18158294489.0,16291114812,4284.8,37.01544,126.99346
경기,포천시,825.12,0.0,0.0,서울항,56.3,1532261571.0,1577991432,3244.8,37.96992,127.25045
경기,하남시,92.83,6.0,64.634,서울항,24.2,549800099.0,556003737,4870.3,37.5228,127.20592
경기,화성시,713.26,8.0,11.216,평택당진항,17.4,15852642575.0,16012028620,5082.5,37.16383,126.85926
경남,거제시,407.64,0.0,0.0,고현항,5.6,1204078691.0,1108431037,4157.2,34.87017,128.62347
경남,거창군,799.46,4.0,5.003,하동항,88.7,113387186.0,119458012,3634.1,35.73257,127.90412
경남,고성군,520.36,3.0,5.765,통영항,23.2,355050537.0,391581589,3414.1,35.01597,128.29059
경남,김해시,461.92,11.0,23.814,진해항,22.5,3211646532.0,3262967942,3919.0,35.27217,128.84521
경남,남해군,362.08,0.0,0.0,광양항,15.5,19204205.0,19609051,3380.6,34.81783,127.94168
경남,밀양시,801.33,1.0,1.248,진해항,42.6,638716686.0,613528327,3511.4,35.49851,128.78968
경남,사천시,402.04,2.0,4.975,삼천포항,13.5,896131716.0,898498976,4072.3,35.0494,128.03735
경남,산청군,791.77,3.0,3.789,하동항,48.4,96429784.0,93774892,3401.0,35.36862,127.88436
경남,양산시,486.46,5.0,10.278,부산항,34.0,2340565702.0,2398450960,3872.1,35.40189,129.04104
경남,의령군,481.56,0.0,0.0,마산항,40.2,186751615.0,191372317,3546.4,35.39244,128.27713
경남,진주시,713.05,6.0,8.415,삼천포항,31.4,865284834.0,876299839,4130.2,35.20516,128.12983
경남,창녕군,530.07,4.0,7.546,마산항,41.7,545399924.0,552870207,3437.3,35.50834,128.49294
경남,창원시,752.35,5.0,6.646,마산항,6.5,6110945108.0,6276605678,4322.7,35.20145,128.60004
경남,통영시,250.09,2.0,7.997,통영항,1.6,398677519.0,360670300,3440.1,34.82489,128.37413
경남,하동군,678.19,2.0,2.949,하동항,21.9,198735307.0,194411215,3501.4,35.13734,127.77921
경남,함안군,415.78,5.0,12.026,마산항,22.3,2527377522.0,2557972255,3701.7,35.29098,128.43087
경남,함양군,720.93,4.0,5.548,하동항,68.3,52393334.0,78702762,3470.7,35.55174,127.72207
경남,합천군,983.94,2.0,2.033,마산항,63.5,68618501.0,72342137,3396.0,35.57666,128.14158
경북,경산시,411.09,1.0,2.433,포항항,63.3,1563276493.0,1582172040,3511.6,35.83411,128.80907
경북,경주시,1319.34,4.0,3.032,포항항,36.5,2683481288.0,2738686057,4082.3,35.82664,129.23602
경북,고령군,386.6,3.0,7.76,마산항,71.1,959092455.0,1019659889,3409.3,35.73723,128.30677
경북,구미시,613.92,4.0,6.516,포항항,95.7,7580967911.0,7495136038,4439.7,36.20734,128.35547
경북,군위군,613.26,1.0,1.631,포항항,69.2,,71668527,,36.17014,128.64807
경북,김천시,1005.36,6.0,5.968,마산항,112.3,1684564417.0,1606721889,4006.4,36.0605,128.07783
경북,문경시,914.64,1.0,1.093,호산항,121.3,202507174.0,206786971,3502.5,36.69078,128.1487
경북,봉화군,1201.3,0.0,0.0,호산항,49.4,1246935898.0,1824749744,3531.7,36.93419,128.91299
경북,상주시,1251.47,6.0,4.794,포항항,125.7,172025410.0,160845911,3497.4,36.42957,128.067
경북,성주군,612.94,2.0,3.263,마산항,91.1,760935878.0,795458205,3481.6,35.90725,128.23335
경북,안동시,1527.0,3.0,1.965,포항항,76.5,302676633.0,295726673,3777.0,36.5803,128.78
경북,영덕군,744.77,1.0,1.343,포항항,41.2,46277511.0,50368555,3430.1,36.48247,129.31764
경북,영양군,819.05,0.0,0.0,호산항,60.1,12711583.0,12293073,3671.4,36.69642,129.14502
경북,영주시,672.99,2.0,2.972,호산항,76.6,1159581718.0,1117996185,3803.6,36.87054,128.59765
경북,영천시,915.49,5.0,5.462,포항항,44.2,939821740.0,961775079,3544.2,36.01583,128.94264
경북,예천군,664.38,1.0,1.505,호산항,103.0,50483267.0,51008572,4085.7,36.65388,128.42244
경북,울릉군,73.66,0.0,0.0,호산항,137.8,8469031.0,8105143,4305.9,37.50192,130.86365
경북,울진군,992.98,0.0,0.0,호산항,34.3,312480671.0,374698700,4378.9,36.90408,129.3124
경북,의성군,1169.39,3.0,2.565,포항항,76.7,76750298.0,79835638,3304.6,36.36201,128.61501
경북,청도군,692.98,0.0,0.0,울산항,60.8,83420837.0,84985828,3483.6,35.6729,128.78651
경북,청송군,846.59,2.0,2.362,포항항,41.5,20097368.0,19784180,3316.3,36.35705,129.05744
경북,칠곡군,450.01,5.0,11.111,포항항,86.5,1237683093.0,1279962601,3720.6,36.01549,128.46255
경북,포항시,1131.84,4.0,3.534,포항항,10.4,8000521341.0,7768872649,4668.4,36.09277,129.30547
광주,광산구,221.93,5.0,22.53,목포항,52.3,1977456873.0,1945044717,4037.4,35.16506,126.75292
광주,남구,60.58,0.0,0.0,목포항,54.2,50265807.0,48879940,4315.1,35.09411,126.85693
광주,동구,48.7,0.0,0.0,목포항,62.7,36239869.0,34723935,4238.1,35.11739,126.94951
광주,북구,119.41,6.0,50.247,목포항,65.8,741348218.0,744438050,3867.6,35.19327,126.92538
광주,서구,47.64,0.0,0.0,목포항,56.5,309770389.0,311157406,4269.9,35.13557,126.85053
대구,남구,17.8,0.0,0.0,마산항,76.9,11232813.0,10633647,3301.2,35.83508,128.58533
대구,달서구,62.57,2.0,31.964,마산항,76.3,1945533218.0,1994829457,3958.3,35.82768,128.52892
대구,달성군,423.0,7.0,16.548,마산항,69.1,3182387811.0,3179292597,3820.5,35.75966,128.49832
대구,동구,181.57,3.0,16.523,포항항,68.9,129353109.0,129574470,3760.0,35.93449,128.68566
대구,북구,93.85,4.0,42.621,포항항,78.4,665233608.0,685515529,3628.0,35.92886,128.57741
대구,서구,17.4,1.0,57.471,마산항,81.5,348278884.0,363966016,3146.0,35.87509,128.54967
대구,수성구,76.67,0.0,0.0,포항항,75.1,217762471.0,212071882,5251.8,35.83383,128.6612
대구,중구,7.07,0.0,0.0,포항항,79.2,36208487.0,36379644,4236.2,35.86648,128.59353
대전,대덕구,69.14,2.0,28.927,군산항,79.6,1909654735.0,1932673134,3628.7,36.41234,127.44015
대전,동구,137.16,2.0,14.582,군산항,76.9,82394680.0,83609451,3459.2,36.32404,127.47511
대전,서구,95.45,3.0,31.43,군산항,64.4,52239972.0,52783849,4139.8,36.28038,127.34522
대전,유성구,175.84,2.0,11.374,군산항,69.6,928011277.0,879825129,5130.7,36.37675,127.33327
대전,중구,62.19,1.0,16.08,군산항,69.5,34538834.0,34932218,3810.5,36.2808,127.41114
부산,강서구,185.3,4.0,21.587,부산항,14.3,3356267633.0,3338460518,4487.8,35.13683,128.8914
부산,금정구,65.72,4.0,60.864,부산항,18.7,243748665.0,243813233,4059.9,35.2589,129.09146
부산,기장군,219.28,4.0,18.242,부산항,26.8,740207567.0,730081377,3942.7,35.29787,129.20101
부산,남구,27.2,0.0,0.0,부산항,5.9,527289170.0,519515217,4298.4,35.12523,129.09444
부산,동구,10.07,0.0,0.0,부산항,3.6,80341763.0,80077371,3409.1,35.12831,129.0448
부산,동래구,16.71,0.0,0.0,부산항,12.8,98173539.0,98554051,4336.4,35.20616,129.07911
부산,부산진구,29.83,0.0,0.0,부산항,7.7,228006686.0,238861163,3685.9,35.16528,129.04309
부산,북구,39.65,0.0,0.0,부산항,14.9,110032327.0,111386068,3787.0,35.22931,129.02341
부산,사상구,36.18,0.0,0.0,부산항,8.4,722069586.0,742060913,3286.2,35.15805,128.98659
부산,사하구,47.29,0.0,0.0,부산항,6.4,1349977457.0,1425938823,3476.0,35.08615,128.9704
부산,서구,14.13,0.0,0.0,부산항,2.4,176012818.0,176621989,3827.7,35.10273,129.01498
부산,수영구,10.31,0.0,0.0,부산항,9.7,13508064.0,13677689,3978.3,35.16119,129.11136
부산,연제구,12.15,0.0,0.0,부산항,10.4,63379498.0,64690784,4165.4,35.18236,129.083
부산,영도구,14.71,0.0,0.0,부산항,3.0,125389752.0,118835562,3436.5,35.07875,129.06481
부산,중구,3.02,0.0,0.0,부산항,1.3,6172972.0,6292698,2889.0,35.10539,129.03214
부산,해운대구,52.19,1.0,19.161,부산항,15.0,139331716.0,157309366,5025.2,35.19369,129.1536
서울,강남구,39.41,0.0,0.0,서울항,12.1,290046865.0,279846147,8649.8,37.4967,127.06293
서울,강동구,24.55,5.0,203.666,서울항,19.1,165037446.0,161341465,4873.0,37.55044,127.14698
서울,강북구,23.61,0.0,0.0,서울항,14.4,49670156.0,52091825,3462.1,37.6434,127.01123
서울,강서구,41.56,0.0,0.0,서울항,10.2,346482775.0,339111326,4476.8,37.56125,126.8227
서울,관악구,29.67,0.0,0.0,서울항,7.1,35249819.0,36888855,3771.0,37.4673,126.94538
서울,광진구,17.03,0.0,0.0,서울항,13.7,356228927.0,356561363,4535.0,37.54671,127.08573
서울,구로구,20.06,0.0,0.0,서울항,7.8,312868570.0,326023830,4167.8,37.49445,126.8565
서울,금천구,13.03,1.0,76.746,서울항,8.2,204552621.0,212059874,3641.7,37.46055,126.90085
서울,노원구,35.59,0.0,0.0,서울항,18.5,68419160.0,71330992,4372.5,37.65244,127.07504
서울,도봉구,20.69,0.0,0.0,서울항,17.8,50642245.0,54017679,3721.4,37.66912,127.0324
서울,동대문구,14.29,0.0,0.0,서울항,12.3,160810070.0,163506467,4293.4,37.58207,127.0549
서울,동작구,16.39,0.0,0.0,서울항,3.9,57928235.0,55544805,4855.5,37.49887,126.95177
서울,마포구,23.88,0.0,0.0,서울항,3.9,162171795.0,169664399,5626.2,37.55932,126.90829
서울,서대문구,17.68,0.0,0.0,서울항,5.3,31931623.0,32670770,4918.3,37.57782,126.93905
서울,서초구,46.91,1.0,21.317,서울항,10.8,423490350.0,430376917,8727.8,37.47327,127.03133
서울,성동구,16.81,0.0,0.0,서울항,9.9,878264821.0,885063961,5735.3,37.55101,127.04102
서울,성북구,24.55,0.0,0.0,서울항,11.3,97901768.0,101265089,4636.4,37.60572,127.01737
서울,송파구,33.83,2.0,59.119,서울항,16.4,213563867.0,214468670,6027.1,37.5056,127.11526
서울,양천구,17.28,0.0,0.0,서울항,6.8,41548565.0,45963541,5400.9,37.52479,126.85551
서울,영등포구,24.55,0.0,0.0,서울항,2.1,216900245.0,219241887,5268.1,37.52234,126.91012
서울,용산구,21.8,0.0,0.0,서울항,4.2,100170610.0,104308233,7926.9,37.5313,126.97987
서울,은평구,29.66,0.0,0.0,서울항,9.9,201782672.0,196730170,4119.7,37.61918,126.92703
서울,종로구,24.01,0.0,0.0,서울항,8.2,66968033.0,72416038,5653.0,37.59492,126.97731
서울,중구,10.04,0.0,0.0,서울항,6.5,203050813.0,215127489,5615.6,37.56009,126.99587
서울,중랑구,18.5,0.0,0.0,서울항,16.0,65465475.0,68715908,3670.3,37.59776,127.09289
세종,세종시,464.99,2.0,4.301,평택당진항,69.7,2135797891.0,2057190553,,36.5606,127.25876
울산,남구,73.36,1.0,13.631,울산항,8.8,13768565982.0,14164865271,5272.6,35.51546,129.32929
울산,동구,36.45,0.0,0.0,울산항,5.4,1107747592.0,1086121120,4702.9,35.52544,129.42619
울산,북구,158.05,0.0,0.0,울산항,15.0,1713409495.0,1789754491,5343.7,35.61012,129.37991
울산,울주군,757.31,10.0,13.205,울산항,21.9,10630726312.0,10377089047,4536.0,35.54617,129.18752
울산,중구,36.93,0.0,0.0,울산항,14.2,29916353.0,30018327,5013.2,35.5711,129.30823
인천,강화군,412.91,0.0,0.0,경인항,25.0,114657055.0,112246667,3677.4,37.71253,126.40227
인천,계양구,45.42,2.0,44.033,경인항,10.4,398309395.0,389045757,3529.6,37.55728,126.73464
인천,남동구,57.61,3.0,52.074,인천항,17.1,1977596702.0,2043350083,3764.1,37.43089,126.7265
인천,동구,7.27,0.0,0.0,인천항,7.9,2624513666.0,3187673412,3482.8,37.48332,126.63908
인천,미추홀구,24.97,2.0,80.096,인천항,12.0,392773287.0,407305051,,37.45254,126.66459
인천,부평구,32.08,0.0,0.0,경인항,11.9,676364229.0,691421183,3738.0,37.49659,126.7211
인천,서구,132.72,2.0,15.069,경인항,3.1,3707954698.0,3673968973,4126.3,37.55956,126.65171
인천,연수구,56.97,0.0,0.0,인천항,17.6,1468228456.0,1376908915,5243.7,37.39402,126.64819
인천,옹진군,184.09,0.0,0.0,인천항,82.3,61378058.0,66085866,4298.9,37.52268,125.66688
인천,중구,144.44,1.0,6.923,인천항,13.5,942452040.0,1006058338,3999.9,37.46858,126.48216
전남,강진군,501.43,1.0,1.994,목포항,42.6,66478363.0,68175375,3547.5,34.62031,126.77219
전남,고흥군,815.56,1.0,1.226,여수항,40.9,82977753.0,83347435,3318.1,34.59815,127.315
전남,곡성군,548.39,3.0,5.471,하동항,57.0,226994436.0,224104463,3710.3,35.2166,127.26355
전남,광양시,466.76,4.0,8.57,하동항,15.2,3078412348.0,3844963400,4916.5,35.01947,127.65593
전남,구례군,439.65,1.0,2.275,하동항,42.1,30637505.0,30545723,3526.2,35.23679,127.50312
전남,나주시,606.09,2.0,3.3,목포항,37.4,489064411.0,506581751,3907.6,34.98861,126.72043
전남,담양군,453.54,3.0,6.615,목포항,77.8,217563586.0,211894145,3814.5,35.29154,126.99527
전남,목포시,53.73,0.0,0.0,목포항,2.3,136488963.0,132390695,3585.4,34.80281,126.39047
전남,무안군,455.3,8.0,17.571,목포항,16.3,104058459.0,105666097,4269.3,34.95374,126.42521
전남,보성군,665.94,4.0,6.007,여수항,52.9,51862637.0,52323955,3450.8,34.81428,127.16257
전남,순천시,911.85,9.0,9.87,하동항,37.1,1050029616.0,1077068206,4425.2,34.99453,127.3894
전남,신안군,680.87,0.0,0.0,목포항,29.9,32266020.0,33120089,3788.3,34.80975,126.0423
전남,여수시,521.77,0.0,0.0,여수항,8.3,13610444737.0,13550544260,4662.8,34.69454,127.65245
전남,영광군,480.9,3.0,6.238,목포항,52.2,346504416.0,341679728,3986.7,35.27902,126.45031
전남,영암군,602.61,3.0,4.978,목포항,23.5,824015373.0,805998206,3348.9,34.79697,126.62619
전남,완도군,408.07,0.0,0.0,목포항,68.8,49883614.0,49210110,3423.8,34.29451,126.77847
전남,장성군,518.29,4.0,7.718,목포항,67.8,239935796.0,299331767,3732.1,35.32961,126.76861
전남,장흥군,622.72,2.0,3.212,목포항,52.8,72849852.0,73233686,3596.2,34.67528,126.922
전남,진도군,453.57,0.0,0.0,목포항,44.4,21382801.0,20972936,3575.5,34.43656,126.21102
전남,함평군,389.83,3.0,7.696,목포항,36.5,102078988.0,102681793,3408.0,35.11268,126.53548
전남,해남군,1048.19,0.0,0.0,목포항,31.2,102938199.0,93712671,3389.2,34.55857,126.51135
전남,화순군,788.26,0.0,0.0,목포항,64.2,131072810.0,128082563,3469.6,35.0082,127.03353
전북,고창군,612.11,3.0,4.901,군산항,60.5,112699900.0,114077864,3503.8,35.44906,126.61583
전북,군산시,411.33,2.0,4.862,군산항,4.2,4848219517.0,4636690739,3945.4,35.94881,126.71858
전북,김제시,544.48,5.0,9.183,군산항,24.9,529127226.0,546433192,3323.9,35.80686,126.89607
전북,남원시,750.29,8.0,10.663,하동항,62.3,182089013.0,187372898,3398.7,35.42251,127.44196
전북,무주군,629.66,2.0,3.176,군산항,88.7,33767026.0,33144467,3492.3,35.93936,127.71295
전북,부안군,497.86,2.0,4.017,군산항,35.1,122286557.0,123780527,3309.9,35.67761,126.64216
전북,순창군,499.95,3.0,6.001,군산항,69.5,80428841.0,87038517,3490.9,35.43362,127.09007
전북,완주군,822.41,7.0,8.512,군산항,44.4,1190041903.0,1156734298,3874.7,35.91877,127.21522
전북,익산시,507.51,2.0,3.941,군산항,23.8,1698755593.0,1759454864,3708.2,36.02317,126.98949
전북,임실군,596.59,2.0,3.352,군산항,62.9,87736568.0,100210442,3395.3,35.59824,127.23665
전북,장수군,531.91,1.0,1.88,군산항,82.1,36766195.0,37636632,3419.9,35.65757,127.54437
전북,전주시,205.43,3.0,14.604,군산항,39.0,1686512994.0,1753978875,4107.8,35.82823,127.1158
전북,정읍시,697.84,5.0,7.165,군산항,45.5,826455216.0,956180963,3430.9,35.60266,126.90589
전북,진안군,789.09,1.0,1.267,군산항,65.5,38897738.0,38045258,3506.4,35.82888,127.43007
제주,서귀포시,881.14,0.0,0.0,서귀포항,9.8,192213304.0,193130964,3771.3,33.32434,126.58113
제주,제주시,981.77,0.0,0.0,제주항,8.2,493248252.0,494704734,3649.5,33.44294,126.52929
충남,계룡시,60.68,0.0,0.0,군산항,56.8,60929507.0,57477262,4655.1,36.29168,127.23446
충남,공주시,864.1,4.0,4.629,보령항,52.7,468475503.0,478323930,3541.1,36.4799,127.07505
충남,금산군,576.57,2.0,3.469,군산항,69.0,663369107.0,666455127,3451.5,36.11902,127.47835
충남,논산시,553.96,2.0,3.61,군산항,44.8,600044800.0,608327573,3454.2,36.19094,127.15776
충남,당진시,708.85,4.0,5.643,평택당진항,16.8,5605732454.0,6004165854,4656.2,36.9045,126.65213
충남,보령시,583.8,3.0,5.139,보령항,15.7,769473417.0,718739676,3762.0,36.33983,126.59052
충남,부여군,623.99,2.0,3.205,군산항,31.2,136882027.0,147621766,3356.4,36.24638,126.85695
충남,서산시,742.51,2.0,2.694,대산항,24.7,8733011008.0,8795638099,4802.3,36.78473,126.4632
충남,서천군,367.29,3.0,8.168,장항항,13.2,717098759.0,684058595,3520.5,36.10679,126.70373
충남,아산시,543.17,2.0,3.682,평택당진항,32.7,11398213603.0,11207876467,4754.4,36.80737,126.98005
충남,예산군,543.51,3.0,5.52,보령항,35.9,816511495.0,803145915,3661.2,36.67061,126.78422
충남,천안시,636.69,4.0,6.282,평택당진항,47.9,5683279643.0,5427342623,4462.5,36.80407,127.20256
충남,청양군,479.55,1.0,2.085,보령항,32.9,134446107.0,130917383,3476.0,36.43056,126.85303
충남,태안군,534.61,0.0,0.0,태안항,22.6,447516995.0,391121687,3839.1,36.7074,126.27918
충남,홍성군,443.19,1.0,2.256,보령항,17.9,352417022.0,341238406,3895.2,36.57006,126.62568
충북,괴산군,841.77,2.0,2.376,평택당진항,100.6,241701763.0,251567476,3519.9,36.7697,127.82956
충북,단양군,779.96,2.0,2.564,삼척항,86.2,1480861472.0,1721494755,3710.3,36.99451,128.38788
충북,보은군,583.93,4.0,6.85,군산항,105.8,171629023.0,171914366,3488.3,36.48996,127.72935
충북,영동군,852.51,2.0,2.346,군산항,99.5,160658488.0,161833788,3552.8,36.15968,127.81428
충북,옥천군,541.47,2.0,3.694,군산항,91.3,352122840.0,348222518,3492.7,36.32044,127.6566
충북,음성군,519.22,4.0,7.704,평택당진항,77.2,2555737368.0,2592819902,3618.7,36.97625,127.6142
충북,제천시,882.0,2.0,2.268,삼척항,101.8,905937676.0,928577551,3712.0,37.06004,128.14086
충북,증평군,81.66,0.0,0.0,평택당진항,81.1,343765238.0,355469745,3781.4,36.78656,127.60461
충북,진천군,408.03,2.0,4.902,평택당진항,64.2,2430040505.0,2353375879,3954.5,36.87101,127.44044
충북,청주시,939.6,7.0,7.45,평택당진항,80.8,7925186601.0,9820940769,4395.7,36.62728,127.49877
충북,충주시,981.39,5.0,5.095,평택당진항,102.0,1646055380.0,1595330949,3915.3,37.01522,127.89555
